clip,layout,method,speedup,success,steps
clip-1,10,normal,1.0,1,107
clip-10,10,normal,1.0,1,114
clip-11,10,normal,1.0,1,149
clip-12,10,normal,1.0,1,167
clip-13,10,normal,1.0,1,216
clip-14,10,normal,1.0,1,181
clip-2,10,normal,1.0,1,108
clip-3,10,normal,1.0,1,134
clip-4,10,normal,1.0,1,145
clip-5,10,normal,1.0,1,129
clip-6,10,normal,1.0,1,194
clip-7,10,normal,1.0,0,164
clip-8,10,normal,1.0,1,167
clip-9,10,normal,1.0,1,112
clip-1,10,uniform,1.5,0,71
clip-10,10,uniform,1.5,0,76
clip-11,10,uniform,1.5,0,99
clip-12,10,uniform,1.5,0,111
clip-13,10,uniform,1.5,0,144
clip-14,10,uniform,1.5,0,121
clip-2,10,uniform,1.5,0,72
clip-3,10,uniform,1.5,0,89
clip-4,10,uniform,1.5,0,97
clip-5,10,uniform,1.5,0,86
clip-6,10,uniform,1.5,1,129
clip-7,10,uniform,1.5,0,109
clip-8,10,uniform,1.5,0,111
clip-9,10,uniform,1.5,0,75
clip-1,10,nonuniform,1.5,0,85
clip-10,10,nonuniform,1.5,1,89
clip-11,10,nonuniform,1.5,1,113
clip-12,10,nonuniform,1.5,1,125
clip-13,10,nonuniform,1.5,1,157
clip-14,10,nonuniform,1.5,1,134
clip-2,10,nonuniform,1.5,0,85
clip-3,10,nonuniform,1.5,0,103
clip-4,10,nonuniform,1.5,1,110
clip-5,10,nonuniform,1.5,0,99
clip-6,10,nonuniform,1.5,1,143
clip-7,10,nonuniform,1.5,0,119
clip-8,10,nonuniform,1.5,1,125
clip-9,10,nonuniform,1.5,0,88
clip-1,10,uniform,2.0,0,54
clip-10,10,uniform,2.0,0,57
clip-11,10,uniform,2.0,0,75
clip-12,10,uniform,2.0,0,84
clip-13,10,uniform,2.0,0,108
clip-14,10,uniform,2.0,0,91
clip-2,10,uniform,2.0,0,54
clip-3,10,uniform,2.0,0,67
clip-4,10,uniform,2.0,0,73
clip-5,10,uniform,2.0,0,65
clip-6,10,uniform,2.0,0,97
clip-7,10,uniform,2.0,0,82
clip-8,10,uniform,2.0,0,84
clip-9,10,uniform,2.0,0,56
clip-1,10,nonuniform,2.0,0,74
clip-10,10,nonuniform,2.0,0,77
clip-11,10,nonuniform,2.0,0,95
clip-12,10,nonuniform,2.0,0,104
clip-13,10,nonuniform,2.0,1,128
clip-14,10,nonuniform,2.0,0,111
clip-2,10,nonuniform,2.0,0,74
clip-3,10,nonuniform,2.0,0,87
clip-4,10,nonuniform,2.0,0,93
clip-5,10,nonuniform,2.0,0,85
clip-6,10,nonuniform,2.0,1,117
clip-7,10,nonuniform,2.0,0,97
clip-8,10,nonuniform,2.0,0,104
clip-9,10,nonuniform,2.0,0,76
clip-1,10,uniform,2.5,0,43
clip-10,10,uniform,2.5,0,46
clip-11,10,uniform,2.5,0,60
clip-12,10,uniform,2.5,0,67
clip-13,10,uniform,2.5,0,87
clip-14,10,uniform,2.5,0,73
clip-2,10,uniform,2.5,0,43
clip-3,10,uniform,2.5,0,54
clip-4,10,uniform,2.5,0,58
clip-5,10,uniform,2.5,0,52
clip-6,10,uniform,2.5,0,78
clip-7,10,uniform,2.5,0,66
clip-8,10,uniform,2.5,0,67
clip-9,10,uniform,2.5,0,45
clip-1,10,nonuniform,2.5,0,67
clip-10,10,nonuniform,2.5,0,70
clip-11,10,nonuniform,2.5,0,84
clip-12,10,nonuniform,2.5,0,91
clip-13,10,nonuniform,2.5,1,111
clip-14,10,nonuniform,2.5,0,97
clip-2,10,nonuniform,2.5,0,67
clip-3,10,nonuniform,2.5,0,78
clip-4,10,nonuniform,2.5,0,82
clip-5,10,nonuniform,2.5,0,76
clip-6,10,nonuniform,2.5,0,102
clip-7,10,nonuniform,2.5,0,84
clip-8,10,nonuniform,2.5,0,91
clip-9,10,nonuniform,2.5,0,69
clip-1,10,uniform,3.0,0,36
clip-10,10,uniform,3.0,0,38
clip-11,10,uniform,3.0,0,50
clip-12,10,uniform,3.0,0,56
clip-13,10,uniform,3.0,0,72
clip-14,10,uniform,3.0,0,61
clip-2,10,uniform,3.0,0,36
clip-3,10,uniform,3.0,0,45
clip-4,10,uniform,3.0,0,49
clip-5,10,uniform,3.0,0,43
clip-6,10,uniform,3.0,0,65
clip-7,10,uniform,3.0,0,55
clip-8,10,uniform,3.0,0,56
clip-9,10,uniform,3.0,0,38
clip-1,10,nonuniform,3.0,0,63
clip-10,10,nonuniform,3.0,0,65
clip-11,10,nonuniform,3.0,0,77
clip-12,10,nonuniform,3.0,0,83
clip-13,10,nonuniform,3.0,0,99
clip-14,10,nonuniform,3.0,0,87
clip-2,10,nonuniform,3.0,0,63
clip-3,10,nonuniform,3.0,0,72
clip-4,10,nonuniform,3.0,0,75
clip-5,10,nonuniform,3.0,0,70
clip-6,10,nonuniform,3.0,0,92
clip-7,10,nonuniform,3.0,0,75
clip-8,10,nonuniform,3.0,0,83
clip-9,10,nonuniform,3.0,0,64
clip-1,11,normal,1.0,1,107
clip-10,11,normal,1.0,1,114
clip-11,11,normal,1.0,1,149
clip-12,11,normal,1.0,1,167
clip-13,11,normal,1.0,1,216
clip-14,11,normal,1.0,1,181
clip-2,11,normal,1.0,1,108
clip-3,11,normal,1.0,1,134
clip-4,11,normal,1.0,1,145
clip-5,11,normal,1.0,1,129
clip-6,11,normal,1.0,1,194
clip-7,11,normal,1.0,0,164
clip-8,11,normal,1.0,1,167
clip-9,11,normal,1.0,1,112
clip-1,11,uniform,1.5,0,71
clip-10,11,uniform,1.5,0,76
clip-11,11,uniform,1.5,0,99
clip-12,11,uniform,1.5,0,111
clip-13,11,uniform,1.5,0,144
clip-14,11,uniform,1.5,0,121
clip-2,11,uniform,1.5,0,72
clip-3,11,uniform,1.5,0,89
clip-4,11,uniform,1.5,0,97
clip-5,11,uniform,1.5,0,86
clip-6,11,uniform,1.5,1,129
clip-7,11,uniform,1.5,0,109
clip-8,11,uniform,1.5,1,111
clip-9,11,uniform,1.5,0,75
clip-1,11,nonuniform,1.5,0,85
clip-10,11,nonuniform,1.5,0,89
clip-11,11,nonuniform,1.5,1,113
clip-12,11,nonuniform,1.5,1,125
clip-13,11,nonuniform,1.5,1,157
clip-14,11,nonuniform,1.5,1,134
clip-2,11,nonuniform,1.5,0,85
clip-3,11,nonuniform,1.5,0,103
clip-4,11,nonuniform,1.5,1,110
clip-5,11,nonuniform,1.5,0,99
clip-6,11,nonuniform,1.5,1,143
clip-7,11,nonuniform,1.5,0,119
clip-8,11,nonuniform,1.5,1,125
clip-9,11,nonuniform,1.5,0,88
clip-1,11,uniform,2.0,0,54
clip-10,11,uniform,2.0,0,57
clip-11,11,uniform,2.0,0,75
clip-12,11,uniform,2.0,0,84
clip-13,11,uniform,2.0,0,108
clip-14,11,uniform,2.0,0,91
clip-2,11,uniform,2.0,0,54
clip-3,11,uniform,2.0,0,67
clip-4,11,uniform,2.0,0,73
clip-5,11,uniform,2.0,0,65
clip-6,11,uniform,2.0,0,97
clip-7,11,uniform,2.0,0,82
clip-8,11,uniform,2.0,0,84
clip-9,11,uniform,2.0,0,56
clip-1,11,nonuniform,2.0,0,74
clip-10,11,nonuniform,2.0,0,77
clip-11,11,nonuniform,2.0,0,95
clip-12,11,nonuniform,2.0,0,104
clip-13,11,nonuniform,2.0,1,128
clip-14,11,nonuniform,2.0,0,111
clip-2,11,nonuniform,2.0,0,74
clip-3,11,nonuniform,2.0,0,87
clip-4,11,nonuniform,2.0,0,93
clip-5,11,nonuniform,2.0,0,85
clip-6,11,nonuniform,2.0,1,117
clip-7,11,nonuniform,2.0,0,97
clip-8,11,nonuniform,2.0,0,104
clip-9,11,nonuniform,2.0,0,76
clip-1,11,uniform,2.5,0,43
clip-10,11,uniform,2.5,0,46
clip-11,11,uniform,2.5,0,60
clip-12,11,uniform,2.5,0,67
clip-13,11,uniform,2.5,0,87
clip-14,11,uniform,2.5,0,73
clip-2,11,uniform,2.5,0,43
clip-3,11,uniform,2.5,0,54
clip-4,11,uniform,2.5,0,58
clip-5,11,uniform,2.5,0,52
clip-6,11,uniform,2.5,0,78
clip-7,11,uniform,2.5,0,66
clip-8,11,uniform,2.5,0,67
clip-9,11,uniform,2.5,0,45
clip-1,11,nonuniform,2.5,0,67
clip-10,11,nonuniform,2.5,0,70
clip-11,11,nonuniform,2.5,0,84
clip-12,11,nonuniform,2.5,0,91
clip-13,11,nonuniform,2.5,1,111
clip-14,11,nonuniform,2.5,0,97
clip-2,11,nonuniform,2.5,0,67
clip-3,11,nonuniform,2.5,0,78
clip-4,11,nonuniform,2.5,0,82
clip-5,11,nonuniform,2.5,0,76
clip-6,11,nonuniform,2.5,0,102
clip-7,11,nonuniform,2.5,0,84
clip-8,11,nonuniform,2.5,0,91
clip-9,11,nonuniform,2.5,0,69
clip-1,11,uniform,3.0,0,36
clip-10,11,uniform,3.0,0,38
clip-11,11,uniform,3.0,0,50
clip-12,11,uniform,3.0,0,56
clip-13,11,uniform,3.0,0,72
clip-14,11,uniform,3.0,0,61
clip-2,11,uniform,3.0,0,36
clip-3,11,uniform,3.0,0,45
clip-4,11,uniform,3.0,0,49
clip-5,11,uniform,3.0,0,43
clip-6,11,uniform,3.0,0,65
clip-7,11,uniform,3.0,0,55
clip-8,11,uniform,3.0,0,56
clip-9,11,uniform,3.0,0,38
clip-1,11,nonuniform,3.0,0,63
clip-10,11,nonuniform,3.0,0,65
clip-11,11,nonuniform,3.0,0,77
clip-12,11,nonuniform,3.0,0,83
clip-13,11,nonuniform,3.0,0,99
clip-14,11,nonuniform,3.0,0,87
clip-2,11,nonuniform,3.0,0,63
clip-3,11,nonuniform,3.0,0,72
clip-4,11,nonuniform,3.0,0,75
clip-5,11,nonuniform,3.0,0,70
clip-6,11,nonuniform,3.0,0,92
clip-7,11,nonuniform,3.0,0,75
clip-8,11,nonuniform,3.0,0,83
clip-9,11,nonuniform,3.0,0,64
clip-1,12,normal,1.0,1,107
clip-10,12,normal,1.0,1,114
clip-11,12,normal,1.0,1,149
clip-12,12,normal,1.0,1,167
clip-13,12,normal,1.0,1,216
clip-14,12,normal,1.0,1,181
clip-2,12,normal,1.0,1,108
clip-3,12,normal,1.0,1,134
clip-4,12,normal,1.0,1,145
clip-5,12,normal,1.0,1,129
clip-6,12,normal,1.0,1,194
clip-7,12,normal,1.0,0,164
clip-8,12,normal,1.0,1,167
clip-9,12,normal,1.0,1,112
clip-1,12,uniform,1.5,0,71
clip-10,12,uniform,1.5,0,76
clip-11,12,uniform,1.5,0,99
clip-12,12,uniform,1.5,0,111
clip-13,12,uniform,1.5,0,144
clip-14,12,uniform,1.5,0,121
clip-2,12,uniform,1.5,0,72
clip-3,12,uniform,1.5,0,89
clip-4,12,uniform,1.5,0,97
clip-5,12,uniform,1.5,0,86
clip-6,12,uniform,1.5,1,129
clip-7,12,uniform,1.5,0,109
clip-8,12,uniform,1.5,0,111
clip-9,12,uniform,1.5,0,75
clip-1,12,nonuniform,1.5,0,85
clip-10,12,nonuniform,1.5,0,89
clip-11,12,nonuniform,1.5,1,113
clip-12,12,nonuniform,1.5,1,125
clip-13,12,nonuniform,1.5,1,157
clip-14,12,nonuniform,1.5,1,134
clip-2,12,nonuniform,1.5,0,85
clip-3,12,nonuniform,1.5,1,103
clip-4,12,nonuniform,1.5,1,110
clip-5,12,nonuniform,1.5,1,99
clip-6,12,nonuniform,1.5,1,143
clip-7,12,nonuniform,1.5,0,119
clip-8,12,nonuniform,1.5,1,125
clip-9,12,nonuniform,1.5,1,88
clip-1,12,uniform,2.0,0,54
clip-10,12,uniform,2.0,0,57
clip-11,12,uniform,2.0,0,75
clip-12,12,uniform,2.0,0,84
clip-13,12,uniform,2.0,0,108
clip-14,12,uniform,2.0,0,91
clip-2,12,uniform,2.0,0,54
clip-3,12,uniform,2.0,0,67
clip-4,12,uniform,2.0,0,73
clip-5,12,uniform,2.0,0,65
clip-6,12,uniform,2.0,0,97
clip-7,12,uniform,2.0,0,82
clip-8,12,uniform,2.0,0,84
clip-9,12,uniform,2.0,0,56
clip-1,12,nonuniform,2.0,0,74
clip-10,12,nonuniform,2.0,0,77
clip-11,12,nonuniform,2.0,0,95
clip-12,12,nonuniform,2.0,0,104
clip-13,12,nonuniform,2.0,1,128
clip-14,12,nonuniform,2.0,0,111
clip-2,12,nonuniform,2.0,0,74
clip-3,12,nonuniform,2.0,0,87
clip-4,12,nonuniform,2.0,0,93
clip-5,12,nonuniform,2.0,0,85
clip-6,12,nonuniform,2.0,1,117
clip-7,12,nonuniform,2.0,0,97
clip-8,12,nonuniform,2.0,0,104
clip-9,12,nonuniform,2.0,0,76
clip-1,12,uniform,2.5,0,43
clip-10,12,uniform,2.5,0,46
clip-11,12,uniform,2.5,0,60
clip-12,12,uniform,2.5,0,67
clip-13,12,uniform,2.5,0,87
clip-14,12,uniform,2.5,0,73
clip-2,12,uniform,2.5,0,43
clip-3,12,uniform,2.5,0,54
clip-4,12,uniform,2.5,0,58
clip-5,12,uniform,2.5,0,52
clip-6,12,uniform,2.5,0,78
clip-7,12,uniform,2.5,0,66
clip-8,12,uniform,2.5,0,67
clip-9,12,uniform,2.5,0,45
clip-1,12,nonuniform,2.5,0,67
clip-10,12,nonuniform,2.5,0,70
clip-11,12,nonuniform,2.5,0,84
clip-12,12,nonuniform,2.5,0,91
clip-13,12,nonuniform,2.5,1,111
clip-14,12,nonuniform,2.5,0,97
clip-2,12,nonuniform,2.5,0,67
clip-3,12,nonuniform,2.5,0,78
clip-4,12,nonuniform,2.5,0,82
clip-5,12,nonuniform,2.5,0,76
clip-6,12,nonuniform,2.5,0,102
clip-7,12,nonuniform,2.5,0,84
clip-8,12,nonuniform,2.5,0,91
clip-9,12,nonuniform,2.5,0,69
clip-1,12,uniform,3.0,0,36
clip-10,12,uniform,3.0,0,38
clip-11,12,uniform,3.0,0,50
clip-12,12,uniform,3.0,0,56
clip-13,12,uniform,3.0,0,72
clip-14,12,uniform,3.0,0,61
clip-2,12,uniform,3.0,0,36
clip-3,12,uniform,3.0,0,45
clip-4,12,uniform,3.0,0,49
clip-5,12,uniform,3.0,0,43
clip-6,12,uniform,3.0,0,65
clip-7,12,uniform,3.0,0,55
clip-8,12,uniform,3.0,0,56
clip-9,12,uniform,3.0,0,38
clip-1,12,nonuniform,3.0,0,63
clip-10,12,nonuniform,3.0,0,65
clip-11,12,nonuniform,3.0,0,77
clip-12,12,nonuniform,3.0,0,83
clip-13,12,nonuniform,3.0,0,99
clip-14,12,nonuniform,3.0,0,87
clip-2,12,nonuniform,3.0,0,63
clip-3,12,nonuniform,3.0,0,72
clip-4,12,nonuniform,3.0,0,75
clip-5,12,nonuniform,3.0,0,70
clip-6,12,nonuniform,3.0,0,92
clip-7,12,nonuniform,3.0,0,75
clip-8,12,nonuniform,3.0,0,83
clip-9,12,nonuniform,3.0,0,64
clip-1,10,uniform,1.25,0,85
clip-10,10,uniform,1.25,1,91
clip-11,10,uniform,1.25,1,119
clip-12,10,uniform,1.25,1,133
clip-13,10,uniform,1.25,1,173
clip-14,10,uniform,1.25,1,145
clip-2,10,uniform,1.25,0,86
clip-3,10,uniform,1.25,1,107
clip-4,10,uniform,1.25,1,116
clip-5,10,uniform,1.25,1,103
clip-6,10,uniform,1.25,1,155
clip-7,10,uniform,1.25,0,131
clip-8,10,uniform,1.25,1,133
clip-9,10,uniform,1.25,0,89
clip-1,10,nonuniform,1.25,0,93
clip-10,10,nonuniform,1.25,1,99
clip-11,10,nonuniform,1.25,1,127
clip-12,10,nonuniform,1.25,1,141
clip-13,10,nonuniform,1.25,1,181
clip-14,10,nonuniform,1.25,1,153
clip-2,10,nonuniform,1.25,0,94
clip-3,10,nonuniform,1.25,1,115
clip-4,10,nonuniform,1.25,1,124
clip-5,10,nonuniform,1.25,1,111
clip-6,10,nonuniform,1.25,1,163
clip-7,10,nonuniform,1.25,0,137
clip-8,10,nonuniform,1.25,1,141
clip-9,10,nonuniform,1.25,1,97
clip-1,10,uniform,1.75,0,61
clip-10,10,uniform,1.75,0,65
clip-11,10,uniform,1.75,0,85
clip-12,10,uniform,1.75,0,95
clip-13,10,uniform,1.75,0,123
clip-14,10,uniform,1.75,0,103
clip-2,10,uniform,1.75,0,62
clip-3,10,uniform,1.75,0,77
clip-4,10,uniform,1.75,0,83
clip-5,10,uniform,1.75,0,74
clip-6,10,uniform,1.75,0,111
clip-7,10,uniform,1.75,0,94
clip-8,10,uniform,1.75,0,95
clip-9,10,uniform,1.75,0,64
clip-1,10,nonuniform,1.75,0,78
clip-10,10,nonuniform,1.75,0,82
clip-11,10,nonuniform,1.75,1,102
clip-12,10,nonuniform,1.75,0,113
clip-13,10,nonuniform,1.75,1,141
clip-14,10,nonuniform,1.75,0,121
clip-2,10,nonuniform,1.75,0,79
clip-3,10,nonuniform,1.75,0,94
clip-4,10,nonuniform,1.75,0,100
clip-5,10,nonuniform,1.75,0,91
clip-6,10,nonuniform,1.75,1,128
clip-7,10,nonuniform,1.75,0,107
clip-8,10,nonuniform,1.75,0,113
clip-9,10,nonuniform,1.75,0,81
clip-1,11,uniform,1.25,0,85
clip-10,11,uniform,1.25,1,91
clip-11,11,uniform,1.25,1,119
clip-12,11,uniform,1.25,1,133
clip-13,11,uniform,1.25,1,173
clip-14,11,uniform,1.25,1,145
clip-2,11,uniform,1.25,0,86
clip-3,11,uniform,1.25,1,107
clip-4,11,uniform,1.25,1,116
clip-5,11,uniform,1.25,1,103
clip-6,11,uniform,1.25,1,155
clip-7,11,uniform,1.25,0,131
clip-8,11,uniform,1.25,1,133
clip-9,11,uniform,1.25,0,89
clip-1,11,nonuniform,1.25,0,93
clip-10,11,nonuniform,1.25,1,99
clip-11,11,nonuniform,1.25,1,127
clip-12,11,nonuniform,1.25,1,141
clip-13,11,nonuniform,1.25,1,181
clip-14,11,nonuniform,1.25,1,153
clip-2,11,nonuniform,1.25,0,94
clip-3,11,nonuniform,1.25,1,115
clip-4,11,nonuniform,1.25,1,124
clip-5,11,nonuniform,1.25,1,111
clip-6,11,nonuniform,1.25,1,163
clip-7,11,nonuniform,1.25,0,137
clip-8,11,nonuniform,1.25,1,141
clip-9,11,nonuniform,1.25,1,97
clip-1,11,uniform,1.75,0,61
clip-10,11,uniform,1.75,0,65
clip-11,11,uniform,1.75,0,85
clip-12,11,uniform,1.75,0,95
clip-13,11,uniform,1.75,0,123
clip-14,11,uniform,1.75,0,103
clip-2,11,uniform,1.75,0,62
clip-3,11,uniform,1.75,0,77
clip-4,11,uniform,1.75,0,83
clip-5,11,uniform,1.75,0,74
clip-6,11,uniform,1.75,0,111
clip-7,11,uniform,1.75,0,94
clip-8,11,uniform,1.75,0,95
clip-9,11,uniform,1.75,0,64
clip-1,11,nonuniform,1.75,0,78
clip-10,11,nonuniform,1.75,0,82
clip-11,11,nonuniform,1.75,1,102
clip-12,11,nonuniform,1.75,1,113
clip-13,11,nonuniform,1.75,1,141
clip-14,11,nonuniform,1.75,0,121
clip-2,11,nonuniform,1.75,0,79
clip-3,11,nonuniform,1.75,0,94
clip-4,11,nonuniform,1.75,1,100
clip-5,11,nonuniform,1.75,0,91
clip-6,11,nonuniform,1.75,1,128
clip-7,11,nonuniform,1.75,0,107
clip-8,11,nonuniform,1.75,0,113
clip-9,11,nonuniform,1.75,0,81
clip-1,12,uniform,1.25,0,85
clip-10,12,uniform,1.25,1,91
clip-11,12,uniform,1.25,1,119
clip-12,12,uniform,1.25,1,133
clip-13,12,uniform,1.25,1,173
clip-14,12,uniform,1.25,1,145
clip-2,12,uniform,1.25,0,86
clip-3,12,uniform,1.25,1,107
clip-4,12,uniform,1.25,1,116
clip-5,12,uniform,1.25,1,103
clip-6,12,uniform,1.25,1,155
clip-7,12,uniform,1.25,0,131
clip-8,12,uniform,1.25,1,133
clip-9,12,uniform,1.25,0,89
clip-1,12,nonuniform,1.25,0,93
clip-10,12,nonuniform,1.25,1,99
clip-11,12,nonuniform,1.25,1,127
clip-12,12,nonuniform,1.25,1,141
clip-13,12,nonuniform,1.25,1,181
clip-14,12,nonuniform,1.25,1,153
clip-2,12,nonuniform,1.25,0,94
clip-3,12,nonuniform,1.25,1,115
clip-4,12,nonuniform,1.25,1,124
clip-5,12,nonuniform,1.25,1,111
clip-6,12,nonuniform,1.25,1,163
clip-7,12,nonuniform,1.25,0,137
clip-8,12,nonuniform,1.25,1,141
clip-9,12,nonuniform,1.25,1,97
clip-1,12,uniform,1.75,0,61
clip-10,12,uniform,1.75,0,65
clip-11,12,uniform,1.75,0,85
clip-12,12,uniform,1.75,0,95
clip-13,12,uniform,1.75,0,123
clip-14,12,uniform,1.75,0,103
clip-2,12,uniform,1.75,0,62
clip-3,12,uniform,1.75,0,77
clip-4,12,uniform,1.75,0,83
clip-5,12,uniform,1.75,0,74
clip-6,12,uniform,1.75,0,111
clip-7,12,uniform,1.75,0,94
clip-8,12,uniform,1.75,0,95
clip-9,12,uniform,1.75,0,64
clip-1,12,nonuniform,1.75,0,78
clip-10,12,nonuniform,1.75,0,82
clip-11,12,nonuniform,1.75,1,102
clip-12,12,nonuniform,1.75,1,113
clip-13,12,nonuniform,1.75,1,141
clip-14,12,nonuniform,1.75,0,121
clip-2,12,nonuniform,1.75,0,79
clip-3,12,nonuniform,1.75,0,94
clip-4,12,nonuniform,1.75,1,100
clip-5,12,nonuniform,1.75,0,91
clip-6,12,nonuniform,1.75,1,128
clip-7,12,nonuniform,1.75,0,107
clip-8,12,nonuniform,1.75,0,113
clip-9,12,nonuniform,1.75,0,81
